{
    "logistic_regression": {
        "roc_auc": 0.8468082947126281,
        "recall": 0.8446601941747572,
        "pr_auc": 0.5638253201554698
    },
    "xgboost": {
        "roc_auc": 0.943134535367545,
        "recall": 0.883495145631068,
        "pr_auc": 0.8632202916089466
    }
}